timestamp,qw,qx,qy,qz,roll,pitch,yaw
2024-05-17 14:05:49.033,0.8950889498897684,0.16701890977508985,-0.0143675392992877,0.41317554305313814,0.0019284856019840715,0.007185700134680953,-4.6336055717206725e-05
2024-05-17 14:05:49.052,0.8950889498897684,0.16701890977508985,-0.0143675392992877,0.41317554305313814,0.003756359911583676,0.014213434655215827,6.259601185260152e-06
2024-05-17 14:05:49.071,0.8950889498897684,0.16701890977508985,-0.0143675392992877,0.41317554305313814,0.005621892305944679,0.021137983999204014,9.2542340768407e-05
2024-05-17 14:05:49.090,0.8950889498897684,0.16701890977508985,-0.0143675392992877,0.41317554305313814,0.007468230456517687,0.027831760026876276,0.00016381276465904178
2024-05-17 14:05:49.110,0.8950889498897684,0.16701890977508985,-0.0143675392992877,0.41317554305313814,0.0092647838111324,0.034275598290946306,0.00018228620410823222
2024-05-17 14:05:49.129,0.8950889498897684,0.16701890977508985,-0.0143675392992877,0.41317554305313814,0.010931687783414202,0.040643390421985975,0.00015385949629706533
2024-05-17 14:05:49.148,0.8950889498897684,0.16701890977508985,-0.0143675392992877,0.41317554305313814,0.012698204708761145,0.0467700429053281,0.0001197298976420038
2024-05-17 14:05:49.167,0.8950889498897684,0.16701890977508985,-0.0143675392992877,0.41317554305313814,0.01465941359756259,0.05355482641455813,9.397300092666872e-05
2024-05-17 14:05:49.187,0.8950889498897684,0.16701890977508985,-0.0143675392992877,0.41317554305313814,0.017081992504036962,0.06278970830371404,0.000357945668248402
2024-05-17 14:05:49.206,0.8950889498897684,0.16701890977508985,-0.0143675392992877,0.41317554305313814,0.020050020078560205,0.07437746415013172,0.00015629886780331104
2024-05-17 14:05:49.225,0.8950889498897684,0.16701890977508985,-0.0143675392992877,0.41317554305313814,0.023572958524883725,0.08657876178296298,-0.000666416469569446
2024-05-17 14:05:49.244,0.8950889498897684,0.16701890977508985,-0.0143675392992877,0.41317554305313814,0.02832631028169622,0.09946845400190818,-0.0017518249927663864
2024-05-17 14:05:49.264,0.8950889498897684,0.16701890977508985,-0.0143675392992877,0.41317554305313814,0.03403211073196294,0.11412681760929848,-0.0031979281046216335
2024-05-17 14:05:49.283,0.8950889498897684,0.16701890977508985,-0.0143675392992877,0.41317554305313814,0.04082100823558272,0.13247801135227655,-0.00542141956002075
2024-05-17 14:05:49.302,0.8950889498897684,0.16701890977508985,-0.0143675392992877,0.41317554305313814,0.04865399224519766,0.15555333057554405,-0.009361485069019853
2024-05-17 14:05:49.321,0.8950889498897684,0.16701890977508985,-0.0143675392992877,0.41317554305313814,0.05727340853751156,0.1812338529119242,-0.015428167986855893
2024-05-17 14:05:49.341,0.8950889498897684,0.16701890977508985,-0.0143675392992877,0.41317554305313814,0.06683895960389537,0.2055325800719422,-0.023239558376656352
2024-05-17 14:05:49.360,0.8950889498897684,0.16701890977508985,-0.0143675392992877,0.41317554305313814,0.07681499853157443,0.22656061397613309,-0.03258286646010682
2024-05-17 14:05:49.379,0.8950889498897684,0.16701890977508985,-0.0143675392992877,0.41317554305313814,0.08737988825592193,0.2455985998669243,-0.04411353738443224
2024-05-17 14:05:49.398,0.8950889498897684,0.16701890977508985,-0.0143675392992877,0.41317554305313814,0.09804875404902297,0.2641063642111673,-0.058030419468952946
2024-05-17 14:05:49.417,0.8950889498897684,0.16701890977508985,-0.0143675392992877,0.41317554305313814,0.1081144047893569,0.28085355503438975,-0.07446385228142495
2024-05-17 14:05:49.437,0.8950889498897684,0.16701890977508985,-0.0143675392992877,0.41317554305313814,0.11751675793332036,0.2940157907086508,-0.09321892487262413
2024-05-17 14:05:49.456,0.8950889498897684,0.16701890977508985,-0.0143675392992877,0.41317554305313814,0.12567997904823322,0.3037470632270078,-0.11458608816200543
2024-05-17 14:05:49.475,0.8950889498897684,0.16701890977508985,-0.0143675392992877,0.41317554305313814,0.13170059725796013,0.31457384917408426,-0.13948701175331732
2024-05-17 14:05:49.494,0.8950889498897684,0.16701890977508985,-0.0143675392992877,0.41317554305313814,0.13569290955475527,0.3284137246569955,-0.16842094459945217
2024-05-17 14:05:49.514,0.8950889498897684,0.16701890977508985,-0.0143675392992877,0.41317554305313814,0.13643811607405776,0.34583095955765625,-0.20149133629447244
2024-05-17 14:05:49.533,0.8950889498897684,0.16701890977508985,-0.0143675392992877,0.41317554305313814,0.13440406207698116,0.3636705628517944,-0.24189616421921875
2024-05-17 14:05:49.552,0.8950889498897684,0.16701890977508985,-0.0143675392992877,0.41317554305313814,0.12636611700872297,0.38659051787002247,-0.2841334086100826
2024-05-17 14:05:49.571,0.8950889498897684,0.16701890977508985,-0.0143675392992877,0.41317554305313814,0.1150871268514486,0.4079245496896497,-0.3306680011507058
2024-05-17 14:05:49.591,0.8950889498897684,0.16701890977508985,-0.0143675392992877,0.41317554305313814,0.09973464809654842,0.4260732665972643,-0.3810297365710983
2024-05-17 14:05:49.610,0.8950889498897684,0.16701890977508985,-0.0143675392992877,0.41317554305313814,0.07982977437845802,0.4379688001550968,-0.4349579701825981
2024-05-17 14:05:49.629,0.8950889498897684,0.16701890977508985,-0.0143675392992877,0.41317554305313814,0.0555870384630456,0.4430038393159548,-0.492625902483815
2024-05-17 14:05:49.648,0.8950889498897684,0.16701890977508985,-0.0143675392992877,0.41317554305313814,0.026221139691057452,0.4447608205825866,-0.5529874289600636
2024-05-17 14:05:49.668,0.8950889498897684,0.16701890977508985,-0.0143675392992877,0.41317554305313814,-0.005864538379282977,0.4447702132478509,-0.6142286176167105
2024-05-17 14:05:49.687,0.8950889498897684,0.16701890977508985,-0.0143675392992877,0.41317554305313814,-0.038939831291037334,0.43631303864451426,-0.673786837590983
2024-05-17 14:05:49.706,0.8950889498897684,0.16701890977508985,-0.0143675392992877,0.41317554305313814,-0.07289841293294871,0.41620170119202593,-0.729482207627314
2024-05-17 14:05:49.725,0.8950889498897684,0.16701890977508985,-0.0143675392992877,0.41317554305313814,-0.10425577447600039,0.388282691171504,-0.7807375440753055
2024-05-17 14:05:49.745,0.8950889498897684,0.16701890977508985,-0.0143675392992877,0.41317554305313814,-0.13555492696421642,0.35960895828351863,-0.8274701748767839
2024-05-17 14:05:49.764,0.8950889498897684,0.16701890977508985,-0.0143675392992877,0.41317554305313814,-0.16792625433917036,0.3311387124319411,-0.8686675865697261
2024-05-17 14:05:49.783,0.8950889498897684,0.16701890977508985,-0.0143675392992877,0.41317554305313814,-0.19994737849992303,0.30339575184465667,-0.904508080450016
2024-05-17 14:05:49.802,0.8950889498897684,0.16701890977508985,-0.0143675392992877,0.41317554305313814,-0.23095505736127456,0.2772822228802724,-0.9353036140349769
2024-05-17 14:05:49.822,0.8950889498897684,0.16701890977508985,-0.0143675392992877,0.41317554305313814,-0.25932023622776623,0.25157221338567637,-0.9592032624803316
2024-05-17 14:05:49.841,0.8950889498897684,0.16701890977508985,-0.0143675392992877,0.41317554305313814,-0.2817084960115785,0.22669230111753966,-0.9772267749850296
2024-05-17 14:05:49.860,0.8950889498897684,0.16701890977508985,-0.0143675392992877,0.41317554305313814,-0.29941989897125415,0.2055043360233916,-0.9923672797036637
2024-05-17 14:05:49.879,0.8950889498897684,0.16701890977508985,-0.0143675392992877,0.41317554305313814,-0.3195743713198578,0.189898955823465,-1.0041247863359462
2024-05-17 14:05:49.898,0.8950889498897684,0.16701890977508985,-0.0143675392992877,0.41317554305313814,-0.34216507974405674,0.17992334643818678,-1.0140483047122122
2024-05-17 14:05:49.918,0.8950889498897684,0.16701890977508985,-0.0143675392992877,0.41317554305313814,-0.3674494365735344,0.17451163332985942,-1.0222366354640464
2024-05-17 14:05:49.937,0.8950889498897684,0.16701890977508985,-0.0143675392992877,0.41317554305313814,-0.39499564157152756,0.1715135967216435,-1.027643233414995
2024-05-17 14:05:49.956,0.8950889498897684,0.16701890977508985,-0.0143675392992877,0.41317554305313814,-0.4254614857992118,0.17150329564631064,-1.031133678185922
2024-05-17 14:05:49.975,0.8950889498897684,0.16701890977508985,-0.0143675392992877,0.41317554305313814,-0.4534769024100994,0.1718410479444416,-1.0312709708441377
2024-05-17 14:05:49.995,0.8950889498897684,0.16701890977508985,-0.0143675392992877,0.41317554305313814,-0.46896576117608435,0.16884864355678378,-1.026777166802349
2024-05-17 14:05:50.014,0.8950889498897684,0.16701890977508985,-0.0143675392992877,0.41317554305313814,-0.4743320131566477,0.1649988981275192,-1.0210672380827626
2024-05-17 14:05:50.033,0.8950889498897684,0.16701890977508985,-0.0143675392992877,0.41317554305313814,-0.4679789975349682,0.15902715274812723,-1.016922593290505
2024-05-17 14:05:50.052,0.8950889498897684,0.16701890977508985,-0.0143675392992877,0.41317554305313814,-0.4331564136422831,0.14101758041160883,-1.009803037532202
2024-05-17 14:05:50.072,0.8950889498897684,0.16701890977508985,-0.0143675392992877,0.41317554305313814,-0.36069640761185257,0.10483067969420513,-0.9969915125812195
2024-05-17 14:05:50.091,0.8950889498897684,0.16701890977508985,-0.0143675392992877,0.41317554305313814,-0.26315217392891627,0.04179914874557065,-0.9834472103417857
2024-05-17 14:05:50.110,0.8950889498897684,0.16701890977508985,-0.0143675392992877,0.41317554305313814,-0.18666114769331602,-0.011095371713282868,-0.9781153747721819
2024-05-17 14:05:50.129,0.8950889498897684,0.16701890977508985,-0.0143675392992877,0.41317554305313814,-0.17066052797770387,-0.024142516232358524,-0.97592209081007
2024-05-17 14:05:50.149,0.8950889498897684,0.16701890977508985,-0.0143675392992877,0.41317554305313814,-0.2053528400569033,-0.0024101454565551897,-0.9770591639210827
2024-05-17 14:05:50.168,0.8950889498897684,0.16701890977508985,-0.0143675392992877,0.41317554305313814,-0.25992159576294355,0.03279703837229316,-0.9845669804991499
2024-05-17 14:05:50.187,0.8950889498897684,0.16701890977508985,-0.0143675392992877,0.41317554305313814,-0.3170187464306678,0.07129293776340866,-0.9927919222517809
2024-05-17 14:05:50.206,0.8950889498897684,0.16701890977508985,-0.0143675392992877,0.41317554305313814,-0.3645024682482198,0.10139712242916639,-0.9990905446673425
2024-05-17 14:05:50.226,0.8950889498897684,0.16701890977508985,-0.0143675392992877,0.41317554305313814,-0.4106037344772038,0.1280749655866976,-1.0042285254307037
2024-05-17 14:05:50.245,0.8950889498897684,0.16701890977508985,-0.0143675392992877,0.41317554305313814,-0.44676659935122504,0.15042040872170148,-1.011041700496318
2024-05-17 14:05:50.264,0.8950889498897684,0.16701890977508985,-0.0143675392992877,0.41317554305313814,-0.446855410994389,0.1523546160621169,-1.0142262671527547
2024-05-17 14:05:50.283,0.8950889498897684,0.16701890977508985,-0.0143675392992877,0.41317554305313814,-0.3968428566483734,0.12475159165983617,-1.0048487277851486
2024-05-17 14:05:50.303,0.8950889498897684,0.16701890977508985,-0.0143675392992877,0.41317554305313814,-0.3072869767389827,0.07174031703463468,-0.9897375786713004
2024-05-17 14:05:50.322,0.8950889498897684,0.16701890977508985,-0.0143675392992877,0.41317554305313814,-0.20483660502459838,0.004042697453657616,-0.9799923374844783
2024-05-17 14:05:50.341,0.8950889498897684,0.16701890977508985,-0.0143675392992877,0.41317554305313814,-0.15616543695399523,-0.035767438723210775,-0.9721875228484362
2024-05-17 14:05:50.360,0.8950889498897684,0.16701890977508985,-0.0143675392992877,0.41317554305313814,-0.16784041029551325,-0.03238035995460332,-0.9680512018583375
2024-05-17 14:05:50.380,0.8950889498897684,0.16701890977508985,-0.0143675392992877,0.41317554305313814,-0.22448621924529877,0.002001836316135359,-0.9673851406613464
2024-05-17 14:05:50.399,0.8950889498897684,0.16701890977508985,-0.0143675392992877,0.41317554305313814,-0.29460356884175126,0.047468826988348437,-0.9723864419194521
2024-05-17 14:05:50.418,0.8950889498897684,0.16701890977508985,-0.0143675392992877,0.41317554305313814,-0.3568531117218159,0.09164807288026834,-0.977735433764173
2024-05-17 14:05:50.437,0.8950889498897684,0.16701890977508985,-0.0143675392992877,0.41317554305313814,-0.4039187921146419,0.12421854481478943,-0.983207264431032
2024-05-17 14:05:50.457,0.8950889498897684,0.16701890977508985,-0.0143675392992877,0.41317554305313814,-0.4456706769187564,0.1542077524750282,-0.9909509034749779
2024-05-17 14:05:50.476,0.8950889498897684,0.16701890977508985,-0.0143675392992877,0.41317554305313814,-0.469518525379294,0.17114663092575938,-0.9961896512995957
2024-05-17 14:05:50.495,0.8950889498897684,0.16701890977508985,-0.0143675392992877,0.41317554305313814,-0.4572911964638937,0.16573089475235914,-0.9962919772996417
2024-05-17 14:05:50.514,0.8950889498897684,0.16701890977508985,-0.0143675392992877,0.41317554305313814,-0.40380580255661974,0.13656454644631552,-0.987028596758581
2024-05-17 14:05:50.534,0.8950889498897684,0.16701890977508985,-0.0143675392992877,0.41317554305313814,-0.3201517265937433,0.09226038406739569,-0.9769718540813791
2024-05-17 14:05:50.553,0.8950889498897684,0.16701890977508985,-0.0143675392992877,0.41317554305313814,-0.2309494592926336,0.028411216996051498,-0.9678778477876325
2024-05-17 14:05:50.572,0.8950889498897684,0.16701890977508985,-0.0143675392992877,0.41317554305313814,-0.1850935018492782,-0.011153472214805645,-0.9615321195089866
2024-05-17 14:05:50.591,0.8950889498897684,0.16701890977508985,-0.0143675392992877,0.41317554305313814,-0.19312662204082104,-0.012984806324400609,-0.9564120169938691
2024-05-17 14:05:50.611,0.8950889498897684,0.16701890977508985,-0.0143675392992877,0.41317554305313814,-0.24224770082654154,0.01863777824948197,-0.9580544627722299
2024-05-17 14:05:50.630,0.8950889498897684,0.16701890977508985,-0.0143675392992877,0.41317554305313814,-0.3064776895645006,0.0625561032325168,-0.9674211012269016
2024-05-17 14:05:50.649,0.8950889498897684,0.16701890977508985,-0.0143675392992877,0.41317554305313814,-0.36134877560753154,0.10384318552757044,-0.9773807547011282
2024-05-17 14:05:50.668,0.8950889498897684,0.16701890977508985,-0.0143675392992877,0.41317554305313814,-0.39938109217182494,0.13542333226311787,-0.9863155807674975
2024-05-17 14:05:50.688,0.8950889498897684,0.16701890977508985,-0.0143675392992877,0.41317554305313814,-0.4410894120233729,0.16012901838036786,-0.9944726601975663
2024-05-17 14:05:50.707,0.8950889498897684,0.16701890977508985,-0.0143675392992877,0.41317554305313814,-0.46986625155292666,0.17722284718772008,-1.0015714128420383
2024-05-17 14:05:50.726,0.8950889498897684,0.16701890977508985,-0.0143675392992877,0.41317554305313814,-0.4691669031410867,0.17642820030286735,-1.0035092497042124
2024-05-17 14:05:50.745,0.8950889498897684,0.16701890977508985,-0.0143675392992877,0.41317554305313814,-0.42798775341295187,0.15336239070298932,-0.9975426638235206
2024-05-17 14:05:50.765,0.8950889498897684,0.16701890977508985,-0.0143675392992877,0.41317554305313814,-0.35067042506623736,0.1114627123640009,-0.9881264324540917
2024-05-17 14:05:50.784,0.8950889498897684,0.16701890977508985,-0.0143675392992877,0.41317554305313814,-0.25179756451531815,0.04269354009499589,-0.9761806104568539
2024-05-17 14:05:50.803,0.8950889498897684,0.16701890977508985,-0.0143675392992877,0.41317554305313814,-0.18846716528879898,-0.005830266445970342,-0.9696436281916934
2024-05-17 14:05:50.822,0.8950889498897684,0.16701890977508985,-0.0143675392992877,0.41317554305313814,-0.17783499394145905,-0.01822456863812809,-0.9653470275458057
2024-05-17 14:05:50.841,0.8950889498897684,0.16701890977508985,-0.0143675392992877,0.41317554305313814,-0.2156952552179038,0.004220681126778782,-0.9671687140025448
2024-05-17 14:05:50.861,0.8950889498897684,0.16701890977508985,-0.0143675392992877,0.41317554305313814,-0.27628110410688805,0.04380524743287812,-0.9746165030445487
2024-05-17 14:05:50.880,0.8950889498897684,0.16701890977508985,-0.0143675392992877,0.41317554305313814,-0.33751654997092667,0.0873820441216391,-0.9834953982715177
2024-05-17 14:05:50.899,0.8950889498897684,0.16701890977508985,-0.0143675392992877,0.41317554305313814,-0.39214481276441143,0.1253891037961843,-0.9943839131972315
2024-05-17 14:05:50.918,0.8950889498897684,0.16701890977508985,-0.0143675392992877,0.41317554305313814,-0.44077152033948014,0.15455830820228775,-1.0046377902888577
2024-05-17 14:05:50.938,0.8950889498897684,0.16701890977508985,-0.0143675392992877,0.41317554305313814,-0.4685838211408526,0.16967160469706055,-1.0103304100276338
2024-05-17 14:05:50.957,0.8950889498897684,0.16701890977508985,-0.0143675392992877,0.41317554305313814,-0.4685495740790356,0.16778976641894697,-1.0096752314065631
2024-05-17 14:05:50.976,0.8950889498897684,0.16701890977508985,-0.0143675392992877,0.41317554305313814,-0.4306834358464299,0.145564683729765,-1.002280627863898
2024-05-17 14:05:50.995,0.8950889498897684,0.16701890977508985,-0.0143675392992877,0.41317554305313814,-0.36374010657644174,0.10221473548333397,-0.9872764116083124
2024-05-17 14:05:51.015,0.8950889498897684,0.16701890977508985,-0.0143675392992877,0.41317554305313814,-0.2692401602986007,0.049663071548946155,-0.9752100905140869
2024-05-17 14:05:51.034,0.8950889498897684,0.16701890977508985,-0.0143675392992877,0.41317554305313814,-0.2008929805622434,0.0018792590984193895,-0.9669258259618992
2024-05-17 14:05:51.053,0.8950889498897684,0.16701890977508985,-0.0143675392992877,0.41317554305313814,-0.185227749516568,-0.013587718894247668,-0.9608234425264567
2024-05-17 14:05:51.072,0.8950889498897684,0.16701890977508985,-0.0143675392992877,0.41317554305313814,-0.22087943330828874,0.005009082093656372,-0.9608004726344137
2024-05-17 14:05:51.092,0.8950889498897684,0.16701890977508985,-0.0143675392992877,0.41317554305313814,-0.28445320257003315,0.044020891089099436,-0.9697287987785522
2024-05-17 14:05:51.111,0.8950889498897684,0.16701890977508985,-0.0143675392992877,0.41317554305313814,-0.3453406889471722,0.0867766512873346,-0.9819678868009761
2024-05-17 14:05:51.130,0.8950889498897684,0.16701890977508985,-0.0143675392992877,0.41317554305313814,-0.3870728924795168,0.11618358145439334,-0.9911345231467186
2024-05-17 14:05:51.149,0.8950889498897684,0.16701890977508985,-0.0143675392992877,0.41317554305313814,-0.4285587280489751,0.13948499358772032,-0.998901064977028
2024-05-17 14:05:51.169,0.8950889498897684,0.16701890977508985,-0.0143675392992877,0.41317554305313814,-0.45751584727680944,0.15580601624840376,-1.0076629045852254
2024-05-17 14:05:51.188,0.8950889498897684,0.16701890977508985,-0.0143675392992877,0.41317554305313814,-0.46420467516402514,0.15895253052984593,-1.0120346225236074
2024-05-17 14:05:51.207,0.8950889498897684,0.16701890977508985,-0.0143675392992877,0.41317554305313814,-0.4309529680515645,0.1400477350679655,-1.0080970099207798
2024-05-17 14:05:51.226,0.8950889498897684,0.16701890977508985,-0.0143675392992877,0.41317554305313814,-0.36181476221261866,0.09861729570227254,-0.9975225135207143
2024-05-17 14:05:51.246,0.8950889498897684,0.16701890977508985,-0.0143675392992877,0.41317554305313814,-0.2606650510403624,0.04977636100121549,-0.9913726774663049
2024-05-17 14:05:51.265,0.8950889498897684,0.16701890977508985,-0.0143675392992877,0.41317554305313814,-0.18513254707578827,-0.003419656054574951,-0.9855179370297518
2024-05-17 14:05:51.284,0.8950889498897684,0.16701890977508985,-0.0143675392992877,0.41317554305313814,-0.16696606883737233,-0.022307211273763453,-0.9805562599683961
2024-05-17 14:05:51.303,0.8950889498897684,0.16701890977508985,-0.0143675392992877,0.41317554305313814,-0.20710188487696712,-0.0041525371736642475,-0.9811032278372097
2024-05-17 14:05:51.323,0.8950889498897684,0.16701890977508985,-0.0143675392992877,0.41317554305313814,-0.27440308313751016,0.03356689393538917,-0.991055642169927
2024-05-17 14:05:51.342,0.8950889498897684,0.16701890977508985,-0.0143675392992877,0.41317554305313814,-0.33629608860480514,0.07396222065716002,-1.002614732685208
2024-05-17 14:05:51.361,0.8950889498897684,0.16701890977508985,-0.0143675392992877,0.41317554305313814,-0.38114172212998254,0.09968753777047001,-1.0100157800127747
2024-05-17 14:05:51.380,0.8950889498897684,0.16701890977508985,-0.0143675392992877,0.41317554305313814,-0.41983888919068924,0.11739593194617429,-1.0150972214652592
2024-05-17 14:05:51.400,0.8950889498897684,0.16701890977508985,-0.0143675392992877,0.41317554305313814,-0.4375564162989547,0.12446702273938498,-1.0186031343988449
2024-05-17 14:05:51.419,0.8950889498897684,0.16701890977508985,-0.0143675392992877,0.41317554305313814,-0.42994349476996035,0.11693907219554207,-1.017322922769908
2024-05-17 14:05:51.438,0.8950889498897684,0.16701890977508985,-0.0143675392992877,0.41317554305313814,-0.3867763230264129,0.09066162126638305,-1.0087309534518503
2024-05-17 14:05:51.457,0.8950889498897684,0.16701890977508985,-0.0143675392992877,0.41317554305313814,-0.31386896535863285,0.03960467144138193,-0.9963709838383962
2024-05-17 14:05:51.477,0.8950889498897684,0.16701890977508985,-0.0143675392992877,0.41317554305313814,-0.22160358581069306,-0.022416072207087443,-0.9896153232891389
2024-05-17 14:05:51.496,0.8950889498897684,0.16701890977508985,-0.0143675392992877,0.41317554305313814,-0.17491169444613386,-0.059209900454827054,-0.9859274873319698
2024-05-17 14:05:51.515,0.8950889498897684,0.16701890977508985,-0.0143675392992877,0.41317554305313814,-0.18190030972642135,-0.06056435425866713,-0.983914848918989
2024-05-17 14:05:51.534,0.8950889498897684,0.16701890977508985,-0.0143675392992877,0.41317554305313814,-0.23099110174900747,-0.03637503515254434,-0.9837313982564155
2024-05-17 14:05:51.554,0.8950889498897684,0.16701890977508985,-0.0143675392992877,0.41317554305313814,-0.2864163579697544,-0.005013876259732579,-0.9881702073455872
2024-05-17 14:05:51.573,0.8950889498897684,0.16701890977508985,-0.0143675392992877,0.41317554305313814,-0.3290497716887675,0.018410434610752962,-0.9895118715190367
2024-05-17 14:05:51.592,0.8950889498897684,0.16701890977508985,-0.0143675392992877,0.41317554305313814,-0.35693420641072415,0.03562468340465715,-0.9896547836743728
2024-05-17 14:05:51.611,0.8950889498897684,0.16701890977508985,-0.0143675392992877,0.41317554305313814,-0.3870511631544477,0.053244294458025,-0.9901123398867377
2024-05-17 14:05:51.631,0.8950889498897684,0.16701890977508985,-0.0143675392992877,0.41317554305313814,-0.3994258174449968,0.06194353302872221,-0.9905469003145989
2024-05-17 14:05:51.650,0.8950889498897684,0.16701890977508985,-0.0143675392992877,0.41317554305313814,-0.3863034717870234,0.05570343231733412,-0.9863144051234437
2024-05-17 14:05:51.669,0.8950889498897684,0.16701890977508985,-0.0143675392992877,0.41317554305313814,-0.3422665734529444,0.03054245127605337,-0.9800380818729655
2024-05-17 14:05:51.688,0.8950889498897684,0.16701890977508985,-0.0143675392992877,0.41317554305313814,-0.27823448304890575,-0.009678358897800873,-0.972097558096796
2024-05-17 14:05:51.708,0.8950889498897684,0.16701890977508985,-0.0143675392992877,0.41317554305313814,-0.23664318471990423,-0.04009973610972722,-0.964943236983577
2024-05-17 14:05:51.727,0.8950889498897684,0.16701890977508985,-0.0143675392992877,0.41317554305313814,-0.23101069717157233,-0.04671603799533479,-0.9581995671828999
2024-05-17 14:05:51.746,0.8950889498897684,0.16701890977508985,-0.0143675392992877,0.41317554305313814,-0.25503320279630504,-0.03268228835801133,-0.9536694285952616
2024-05-17 14:05:51.765,0.8950889498897684,0.16701890977508985,-0.0143675392992877,0.41317554305313814,-0.29794922452143124,-0.009208900436384582,-0.9530921394301352
2024-05-17 14:05:51.784,0.8950889498897684,0.16701890977508985,-0.0143675392992877,0.41317554305313814,-0.3356080045849181,0.014470731441368928,-0.9569517665616537
2024-05-17 14:05:51.804,0.8950889498897684,0.16701890977508985,-0.0143675392992877,0.41317554305313814,-0.3570095052758431,0.026535634590501803,-0.9558130542814881
2024-05-17 14:05:51.823,0.8950889498897684,0.16701890977508985,-0.0143675392992877,0.41317554305313814,-0.38091604271597074,0.037926536292214874,-0.9539709352698106
2024-05-17 14:05:51.842,0.8950889498897684,0.16701890977508985,-0.0143675392992877,0.41317554305313814,-0.4090685122922699,0.05372738479917384,-0.9549530560768976
2024-05-17 14:05:51.861,0.8950889498897684,0.16701890977508985,-0.0143675392992877,0.41317554305313814,-0.43195470670534325,0.06897632966736113,-0.9560279956679004
2024-05-17 14:05:51.881,0.8950889498897684,0.16701890977508985,-0.0143675392992877,0.41317554305313814,-0.43457239602826864,0.07082468795705267,-0.9542825838852417
2024-05-17 14:05:51.900,0.8950889498897684,0.16701890977508985,-0.0143675392992877,0.41317554305313814,-0.4137187224174026,0.056319878980875974,-0.9496785820900001
2024-05-17 14:05:51.919,0.8950889498897684,0.16701890977508985,-0.0143675392992877,0.41317554305313814,-0.3808196741190505,0.03371247161626085,-0.9426160955301582
2024-05-17 14:05:51.938,0.8950889498897684,0.16701890977508985,-0.0143675392992877,0.41317554305313814,-0.3561406741074332,0.016998807413332477,-0.935785696017158
2024-05-17 14:05:51.958,0.8950889498897684,0.16701890977508985,-0.0143675392992877,0.41317554305313814,-0.3518531767557719,0.011848202594046908,-0.9288122815753596
2024-05-17 14:05:51.977,0.8950889498897684,0.16701890977508985,-0.0143675392992877,0.41317554305313814,-0.37601426114928616,0.021402902868433136,-0.9257503978250017
2024-05-17 14:05:51.996,0.8950889498897684,0.16701890977508985,-0.0143675392992877,0.41317554305313814,-0.397564831250737,0.03708855197822413,-0.929865776602199
2024-05-17 14:05:52.015,0.8950889498897684,0.16701890977508985,-0.0143675392992877,0.41317554305313814,-0.3985710625015747,0.039179040622691334,-0.9308916433165266
2024-05-17 14:05:52.035,0.8950889498897684,0.16701890977508985,-0.0143675392992877,0.41317554305313814,-0.3912414439806608,0.03140686088011712,-0.9260612132349753
2024-05-17 14:05:52.054,0.8950889498897684,0.16701890977508985,-0.0143675392992877,0.41317554305313814,-0.39582836168677965,0.0296749991051189,-0.924142802550854
2024-05-17 14:05:52.073,0.8950889498897684,0.16701890977508985,-0.0143675392992877,0.41317554305313814,-0.40672701910233944,0.03405987083648396,-0.9259069542119032
2024-05-17 14:05:52.092,0.8950889498897684,0.16701890977508985,-0.0143675392992877,0.41317554305313814,-0.41247950184807675,0.03328159749127245,-0.9253853084662474
2024-05-17 14:05:52.112,0.8950889498897684,0.16701890977508985,-0.0143675392992877,0.41317554305313814,-0.41267239862734323,0.02967319185814208,-0.9217820626128178
2024-05-17 14:05:52.131,0.8950889498897684,0.16701890977508985,-0.0143675392992877,0.41317554305313814,-0.4205048305680692,0.033698787783287124,-0.9191322821399506
2024-05-17 14:05:52.150,0.8950889498897684,0.16701890977508985,-0.0143675392992877,0.41317554305313814,-0.43181348024401145,0.04632986309517667,-0.9196652313648124
2024-05-17 14:05:52.169,0.8950889498897684,0.16701890977508985,-0.0143675392992877,0.41317554305313814,-0.44017807589406155,0.05963377007340247,-0.9208726099859085
2024-05-17 14:05:52.189,0.8950889498897684,0.16701890977508985,-0.0143675392992877,0.41317554305313814,-0.4422407157228592,0.06723590499928515,-0.9216754654698032
2024-05-17 14:05:52.208,0.8950889498897684,0.16701890977508985,-0.0143675392992877,0.41317554305313814,-0.4419149914341031,0.06970584587948139,-0.9238261201755168
2024-05-17 14:05:52.227,0.8950889498897684,0.16701890977508985,-0.0143675392992877,0.41317554305313814,-0.4408041258921247,0.06863598030949876,-0.9258872919866382
2024-05-17 14:05:52.246,0.8950889498897684,0.16701890977508985,-0.0143675392992877,0.41317554305313814,-0.43723677407203776,0.06221351801550585,-0.9250705907111357
2024-05-17 14:05:52.266,0.8950889498897684,0.16701890977508985,-0.0143675392992877,0.41317554305313814,-0.43305626309132456,0.057875943785740916,-0.924441084414807
2024-05-17 14:05:52.285,0.8950889498897684,0.16701890977508985,-0.0143675392992877,0.41317554305313814,-0.43277796751563047,0.052526717324499976,-0.9250492487929052
2024-05-17 14:05:52.304,0.8950889498897684,0.16701890977508985,-0.0143675392992877,0.41317554305313814,-0.4332090654676659,0.04632550642095549,-0.9257254946283154
2024-05-17 14:05:52.323,0.8950889498897684,0.16701890977508985,-0.0143675392992877,0.41317554305313814,-0.43380131531341515,0.042788682200500514,-0.9250488410984609
2024-05-17 14:05:52.343,0.8950889498897684,0.16701890977508985,-0.0143675392992877,0.41317554305313814,-0.43813847794574706,0.04550290918119472,-0.924097792436548
2024-05-17 14:05:52.362,0.8950889498897684,0.16701890977508985,-0.0143675392992877,0.41317554305313814,-0.4417161610578038,0.05260779393998045,-0.9235999404005737
2024-05-17 14:05:52.381,0.8950889498897684,0.16701890977508985,-0.0143675392992877,0.41317554305313814,-0.44334097426202024,0.06023919301541565,-0.9223931112637069
2024-05-17 14:05:52.400,0.8950889498897684,0.16701890977508985,-0.0143675392992877,0.41317554305313814,-0.4473457402492073,0.06755440528298638,-0.921347908233162
2024-05-17 14:05:52.420,0.8950889498897684,0.16701890977508985,-0.0143675392992877,0.41317554305313814,-0.44932699573428,0.07267919209807822,-0.9217996117659949
2024-05-17 14:05:52.439,0.8950889498897684,0.16701890977508985,-0.0143675392992877,0.41317554305313814,-0.44576969352899737,0.06780758081392545,-0.9222572767577899
2024-05-17 14:05:52.458,0.8950889498897684,0.16701890977508985,-0.0143675392992877,0.41317554305313814,-0.4304494684015079,0.05249668794811856,-0.9188936821134942
2024-05-17 14:05:52.477,0.8950889498897684,0.16701890977508985,-0.0143675392992877,0.41317554305313814,-0.42194690281884745,0.041154112648481005,-0.9149574597150562
2024-05-17 14:05:52.497,0.8950889498897684,0.16701890977508985,-0.0143675392992877,0.41317554305313814,-0.42783384243533995,0.03931908505620944,-0.9140720735002902
2024-05-17 14:05:52.516,0.8950889498897684,0.16701890977508985,-0.0143675392992877,0.41317554305313814,-0.44230400164756734,0.04454798081948815,-0.916139956286547
2024-05-17 14:05:52.535,0.8950889498897684,0.16701890977508985,-0.0143675392992877,0.41317554305313814,-0.4538800667666764,0.049397322939146206,-0.9184997387793119
2024-05-17 14:05:52.554,0.8950889498897684,0.16701890977508985,-0.0143675392992877,0.41317554305313814,-0.45778356805307263,0.050533450516500454,-0.9204597889101679
2024-05-17 14:05:52.574,0.8950889498897684,0.16701890977508985,-0.0143675392992877,0.41317554305313814,-0.44965249409050206,0.048953307997203224,-0.9224172414586401
2024-05-17 14:05:52.593,0.8950889498897684,0.16701890977508985,-0.0143675392992877,0.41317554305313814,-0.4407768918068481,0.047806509622606665,-0.9218344055355564
2024-05-17 14:05:52.612,0.8950889498897684,0.16701890977508985,-0.0143675392992877,0.41317554305313814,-0.43262076032653457,0.04826423791316502,-0.9212696911283126
2024-05-17 14:05:52.631,0.8950889498897684,0.16701890977508985,-0.0143675392992877,0.41317554305313814,-0.42456280656123835,0.0480913077917935,-0.920976612714228
2024-05-17 14:05:52.650,0.8950889498897684,0.16701890977508985,-0.0143675392992877,0.41317554305313814,-0.41857548882821877,0.045578477749538604,-0.9218221779153097
2024-05-17 14:05:52.670,0.8950889498897684,0.16701890977508985,-0.0143675392992877,0.41317554305313814,-0.4121898653161294,0.03995432246170653,-0.9202917241473604
2024-05-17 14:05:52.689,0.8950889498897684,0.16701890977508985,-0.0143675392992877,0.41317554305313814,-0.4103017669169972,0.03478479546851709,-0.9181032961683585
2024-05-17 14:05:52.708,0.8950889498897684,0.16701890977508985,-0.0143675392992877,0.41317554305313814,-0.4123421992928187,0.03058599109556579,-0.917286639074844
2024-05-17 14:05:52.727,0.8950889498897684,0.16701890977508985,-0.0143675392992877,0.41317554305313814,-0.41447995787507413,0.027084548890001215,-0.9166203509567101
2024-05-17 14:05:52.747,0.8950889498897684,0.16701890977508985,-0.0143675392992877,0.41317554305313814,-0.41870755618933664,0.025700931101573645,-0.9168182673366485
2024-05-17 14:05:52.766,0.8950889498897684,0.16701890977508985,-0.0143675392992877,0.41317554305313814,-0.42430333613209487,0.028002276642143928,-0.916926189182635
2024-05-17 14:05:52.785,0.8950889498897684,0.16701890977508985,-0.0143675392992877,0.41317554305313814,-0.4326851208880118,0.03443445985445652,-0.9148611595805993
2024-05-17 14:05:52.804,0.8950889498897684,0.16701890977508985,-0.0143675392992877,0.41317554305313814,-0.44204663699098634,0.04646893275782313,-0.9139761622786954
2024-05-17 14:05:52.824,0.8950889498897684,0.16701890977508985,-0.0143675392992877,0.41317554305313814,-0.4456891286578256,0.05700219535039754,-0.9141791845338125
2024-05-17 14:05:52.843,0.8950889498897684,0.16701890977508985,-0.0143675392992877,0.41317554305313814,-0.44105498693880746,0.05691882728492466,-0.9128441914531028
2024-05-17 14:05:52.862,0.8950889498897684,0.16701890977508985,-0.0143675392992877,0.41317554305313814,-0.41985788035635957,0.0457613856068153,-0.9113964709730853
2024-05-17 14:05:52.881,0.8950889498897684,0.16701890977508985,-0.0143675392992877,0.41317554305313814,-0.3849654443920208,0.019254930721004662,-0.9070013296031034
2024-05-17 14:05:52.901,0.8950889498897684,0.16701890977508985,-0.0143675392992877,0.41317554305313814,-0.3516301269177658,-0.010049981193251392,-0.9021839891604222
2024-05-17 14:05:52.920,0.8950889498897684,0.16701890977508985,-0.0143675392992877,0.41317554305313814,-0.34415755745891013,-0.021973238269364422,-0.8982368051871922
2024-05-17 14:05:52.939,0.8950889498897684,0.16701890977508985,-0.0143675392992877,0.41317554305313814,-0.3654739783588525,-0.011461023439194262,-0.8967580566354474
2024-05-17 14:05:52.958,0.8950889498897684,0.16701890977508985,-0.0143675392992877,0.41317554305313814,-0.40122111949508266,0.013062826009324095,-0.8998683530382882
2024-05-17 14:05:52.978,0.8950889498897684,0.16701890977508985,-0.0143675392992877,0.41317554305313814,-0.4533490591092481,0.04536613015548982,-0.9062873411675689
2024-05-17 14:05:52.997,0.8950889498897684,0.16701890977508985,-0.0143675392992877,0.41317554305313814,-0.4986865820733727,0.07361766792420099,-0.9136385719860116
2024-05-17 14:05:53.016,0.8950889498897684,0.16701890977508985,-0.0143675392992877,0.41317554305313814,-0.5209294477210009,0.08713064810306212,-0.9171136624844309
2024-05-17 14:05:53.035,0.8950889498897684,0.16701890977508985,-0.0143675392992877,0.41317554305313814,-0.5277463053108117,0.08896927901066935,-0.9149493098850298
2024-05-17 14:05:53.055,0.8950889498897684,0.16701890977508985,-0.0143675392992877,0.41317554305313814,-0.5192580866399935,0.08217486270826539,-0.9094516400755864
2024-05-17 14:05:53.074,0.8950889498897684,0.16701890977508985,-0.0143675392992877,0.41317554305313814,-0.4989380062911413,0.06920057500316337,-0.9038872124968124
2024-05-17 14:05:53.093,0.8950889498897684,0.16701890977508985,-0.0143675392992877,0.41317554305313814,-0.46526228371033546,0.04593098511975942,-0.8980385671592362
2024-05-17 14:05:53.112,0.8950889498897684,0.16701890977508985,-0.0143675392992877,0.41317554305313814,-0.41169123174319594,0.008898451579778997,-0.8888662387147265
2024-05-17 14:05:53.132,0.8950889498897684,0.16701890977508985,-0.0143675392992877,0.41317554305313814,-0.3742387358781466,-0.017996989986066487,-0.8789535946825847
2024-05-17 14:05:53.151,0.8950889498897684,0.16701890977508985,-0.0143675392992877,0.41317554305313814,-0.37422920084426237,-0.021467583110811907,-0.871451486985886
2024-05-17 14:05:53.170,0.8950889498897684,0.16701890977508985,-0.0143675392992877,0.41317554305313814,-0.40669175667348084,-0.000774933438305984,-0.8739252017574434
2024-05-17 14:05:53.189,0.8950889498897684,0.16701890977508985,-0.0143675392992877,0.41317554305313814,-0.4411942755126509,0.026353253808690046,-0.8784919145643882
2024-05-17 14:05:53.209,0.8950889498897684,0.16701890977508985,-0.0143675392992877,0.41317554305313814,-0.4741606989746288,0.05204599296248376,-0.8818795964154844
2024-05-17 14:05:53.228,0.8950889498897684,0.16701890977508985,-0.0143675392992877,0.41317554305313814,-0.5148288113552029,0.0799071267941456,-0.8882898970692893
2024-05-17 14:05:53.247,0.8950889498897684,0.16701890977508985,-0.0143675392992877,0.41317554305313814,-0.5479955747292229,0.10274271790317521,-0.8971490239010763
2024-05-17 14:05:53.266,0.8950889498897684,0.16701890977508985,-0.0143675392992877,0.41317554305313814,-0.5526996040706948,0.10421735786216367,-0.9006387811595811
2024-05-17 14:05:53.286,0.8950889498897684,0.16701890977508985,-0.0143675392992877,0.41317554305313814,-0.527809615579269,0.0843790448474914,-0.8976835508423606
2024-05-17 14:05:53.305,0.8950889498897684,0.16701890977508985,-0.0143675392992877,0.41317554305313814,-0.4851729107908047,0.05213696377436166,-0.8921126224680597
2024-05-17 14:05:53.324,0.8950889498897684,0.16701890977508985,-0.0143675392992877,0.41317554305313814,-0.4229185955741548,0.0056317198998850175,-0.8836840502563451
2024-05-17 14:05:53.343,0.8950889498897684,0.16701890977508985,-0.0143675392992877,0.41317554305313814,-0.3579263537444892,-0.04132470805486346,-0.8746766832279733
2024-05-17 14:05:53.363,0.8950889498897684,0.16701890977508985,-0.0143675392992877,0.41317554305313814,-0.3293436875712351,-0.06317282401103623,-0.8647013914518875
2024-05-17 14:05:53.382,0.8950889498897684,0.16701890977508985,-0.0143675392992877,0.41317554305313814,-0.3484634385058475,-0.049156026517970804,-0.8557972297351685
2024-05-17 14:05:53.401,0.8950889498897684,0.16701890977508985,-0.0143675392992877,0.41317554305313814,-0.40299340534988426,-0.0111523203721079,-0.854905412481133
2024-05-17 14:05:53.420,0.8950889498897684,0.16701890977508985,-0.0143675392992877,0.41317554305313814,-0.45222652013059844,0.02936361903971382,-0.8615082665718423
2024-05-17 14:05:53.440,0.8950889498897684,0.16701890977508985,-0.0143675392992877,0.41317554305313814,-0.4795356570405101,0.058332777600026295,-0.8688343326844196
2024-05-17 14:05:53.459,0.8950889498897684,0.16701890977508985,-0.0143675392992877,0.41317554305313814,-0.5171340009890406,0.0865665717521336,-0.8757815188224695
2024-05-17 14:05:53.478,0.8950889498897684,0.16701890977508985,-0.0143675392992877,0.41317554305313814,-0.5481838390532987,0.10990517005295594,-0.883530522444794
2024-05-17 14:05:53.497,0.8950889498897684,0.16701890977508985,-0.0143675392992877,0.41317554305313814,-0.560886250867664,0.12141196779870377,-0.889743916792758
2024-05-17 14:05:53.517,0.8950889498897684,0.16701890977508985,-0.0143675392992877,0.41317554305313814,-0.5508378481512624,0.11432343192440714,-0.8891250903683628
2024-05-17 14:05:53.536,0.8950889498897684,0.16701890977508985,-0.0143675392992877,0.41317554305313814,-0.5215138891869999,0.09356058670683044,-0.8837973161128865
2024-05-17 14:05:53.555,0.8950889498897684,0.16701890977508985,-0.0143675392992877,0.41317554305313814,-0.4825535282455208,0.06397332380607262,-0.8764555762325881
2024-05-17 14:05:53.574,0.8950889498897684,0.16701890977508985,-0.0143675392992877,0.41317554305313814,-0.4256547922377094,0.01654318754491636,-0.8636781044658297
2024-05-17 14:05:53.593,0.8950889498897684,0.16701890977508985,-0.0143675392992877,0.41317554305313814,-0.3773667812465861,-0.024095830830717375,-0.8532881839230211
2024-05-17 14:05:53.613,0.8950889498897684,0.16701890977508985,-0.0143675392992877,0.41317554305313814,-0.3625943242066992,-0.04108258311947939,-0.8438408201135287
2024-05-17 14:05:53.632,0.8950889498897684,0.16701890977508985,-0.0143675392992877,0.41317554305313814,-0.3853833277592952,-0.028901362048831675,-0.8387505145219571
2024-05-17 14:05:53.651,0.8950889498897684,0.16701890977508985,-0.0143675392992877,0.41317554305313814,-0.4232376451036108,0.0008388613301699873,-0.8446307120425258
2024-05-17 14:05:53.670,0.8950889498897684,0.16701890977508985,-0.0143675392992877,0.41317554305313814,-0.456534945039409,0.028457372298071933,-0.851181069667
2024-05-17 14:05:53.690,0.8950889498897684,0.16701890977508985,-0.0143675392992877,0.41317554305313814,-0.48131782738155593,0.05166234521152101,-0.8598872538456904
2024-05-17 14:05:53.709,0.8950889498897684,0.16701890977508985,-0.0143675392992877,0.41317554305313814,-0.5077506240927988,0.07261723108661357,-0.8686677641390389
2024-05-17 14:05:53.728,0.8950889498897684,0.16701890977508985,-0.0143675392992877,0.41317554305313814,-0.5255072197890075,0.08518925606273141,-0.8746545884787894
2024-05-17 14:05:53.747,0.8950889498897684,0.16701890977508985,-0.0143675392992877,0.41317554305313814,-0.5286564494494211,0.08593727218227427,-0.8750090872767569
2024-05-17 14:05:53.767,0.8950889498897684,0.16701890977508985,-0.0143675392992877,0.41317554305313814,-0.5175267623305192,0.0767652740028319,-0.8719778228859879
2024-05-17 14:05:53.786,0.8950889498897684,0.16701890977508985,-0.0143675392992877,0.41317554305313814,-0.49159887929923785,0.05637596063891585,-0.8687567166360013
2024-05-17 14:05:53.805,0.8950889498897684,0.16701890977508985,-0.0143675392992877,0.41317554305313814,-0.44560071529135803,0.020549682798331897,-0.8628424676311602
2024-05-17 14:05:53.824,0.8950889498897684,0.16701890977508985,-0.0143675392992877,0.41317554305313814,-0.38043080665257983,-0.03484661267147769,-0.8525703837366143
2024-05-17 14:05:53.844,0.8950889498897684,0.16701890977508985,-0.0143675392992877,0.41317554305313814,-0.34223561390776236,-0.07065098501330504,-0.8427634340240241
2024-05-17 14:05:53.863,0.8950889498897684,0.16701890977508985,-0.0143675392992877,0.41317554305313814,-0.3446692007760017,-0.07493951658158964,-0.8364359242292491
2024-05-17 14:05:53.882,0.8950889498897684,0.16701890977508985,-0.0143675392992877,0.41317554305313814,-0.3755840681278036,-0.05288039691120855,-0.8411995630714496
2024-05-17 14:05:53.901,0.8950889498897684,0.16701890977508985,-0.0143675392992877,0.41317554305313814,-0.4032972431417419,-0.02638092598611132,-0.8492755653607117
2024-05-17 14:05:53.921,0.8950889498897684,0.16701890977508985,-0.0143675392992877,0.41317554305313814,-0.42744254806392984,-0.006021461197708036,-0.8509540823570887
2024-05-17 14:05:53.940,0.8950889498897684,0.16701890977508985,-0.0143675392992877,0.41317554305313814,-0.4644885929264532,0.02365047643376263,-0.857657027917335
2024-05-17 14:05:53.959,0.8950889498897684,0.16701890977508985,-0.0143675392992877,0.41317554305313814,-0.499747037029482,0.05310381385773256,-0.869601308672235
2024-05-17 14:05:53.978,0.8950889498897684,0.16701890977508985,-0.0143675392992877,0.41317554305313814,-0.5178483205786206,0.06939215640132783,-0.8767481170082135
2024-05-17 14:05:53.998,0.8950889498897684,0.16701890977508985,-0.0143675392992877,0.41317554305313814,-0.5203216984008551,0.07345798240543178,-0.878461488298119
2024-05-17 14:05:54.017,0.8950889498897684,0.16701890977508985,-0.0143675392992877,0.41317554305313814,-0.5076674815212676,0.06579242042864444,-0.8781644219782566
2024-05-17 14:05:54.036,0.8950889498897684,0.16701890977508985,-0.0143675392992877,0.41317554305313814,-0.47870673058540986,0.04534223809167814,-0.8770230718115904
2024-05-17 14:05:54.055,0.8950889498897684,0.16701890977508985,-0.0143675392992877,0.41317554305313814,-0.42583245997726543,0.009869952489148593,-0.873151153349172
2024-05-17 14:05:54.074,0.8950889498897684,0.16701890977508985,-0.0143675392992877,0.41317554305313814,-0.36071473646023106,-0.04246065031241012,-0.8628953723153562
2024-05-17 14:05:54.094,0.8950889498897684,0.16701890977508985,-0.0143675392992877,0.41317554305313814,-0.32921836343769467,-0.0703407343757478,-0.8526176391657097
2024-05-17 14:05:54.113,0.8950889498897684,0.16701890977508985,-0.0143675392992877,0.41317554305313814,-0.3415923827242541,-0.0680144363342886,-0.8438265472189656
2024-05-17 14:05:54.132,0.8950889498897684,0.16701890977508985,-0.0143675392992877,0.41317554305313814,-0.383125123932587,-0.03849190768453006,-0.8463540372715032
2024-05-17 14:05:54.151,0.8950889498897684,0.16701890977508985,-0.0143675392992877,0.41317554305313814,-0.422407628513686,-0.002983002127871941,-0.8528291667572823
2024-05-17 14:05:54.171,0.8950889498897684,0.16701890977508985,-0.0143675392992877,0.41317554305313814,-0.45755885887309766,0.02712858926454865,-0.8621252796013832
2024-05-17 14:05:54.190,0.8950889498897684,0.16701890977508985,-0.0143675392992877,0.41317554305313814,-0.49331632705754386,0.0554344656283561,-0.8748665564429825
2024-05-17 14:05:54.209,0.8950889498897684,0.16701890977508985,-0.0143675392992877,0.41317554305313814,-0.5082198790650366,0.06621574325864131,-0.884336238468825
2024-05-17 14:05:54.228,0.8950889498897684,0.16701890977508985,-0.0143675392992877,0.41317554305313814,-0.5045414013217312,0.06380403437934538,-0.885077456582061
2024-05-17 14:05:54.248,0.8950889498897684,0.16701890977508985,-0.0143675392992877,0.41317554305313814,-0.4950737561298472,0.056923401359453354,-0.8809047088245661
2024-05-17 14:05:54.267,0.8950889498897684,0.16701890977508985,-0.0143675392992877,0.41317554305313814,-0.4836903670604951,0.04846033071801403,-0.8760186627060657
2024-05-17 14:05:54.286,0.8950889498897684,0.16701890977508985,-0.0143675392992877,0.41317554305313814,-0.45870726780648025,0.028918478297566247,-0.870774624384009
2024-05-17 14:05:54.305,0.8950889498897684,0.16701890977508985,-0.0143675392992877,0.41317554305313814,-0.4087171562919699,-0.004896956191416791,-0.8605058576894963
2024-05-17 14:05:54.325,0.8950889498897684,0.16701890977508985,-0.0143675392992877,0.41317554305313814,-0.36934458407211584,-0.04034301529948864,-0.8455426407992968
2024-05-17 14:05:54.344,0.8950889498897684,0.16701890977508985,-0.0143675392992877,0.41317554305313814,-0.3618061299525716,-0.052690859354934005,-0.8348844916979578
2024-05-17 14:05:54.363,0.8950889498897684,0.16701890977508985,-0.0143675392992877,0.41317554305313814,-0.3822983921329441,-0.04049950871116798,-0.8335390841393756
2024-05-17 14:05:54.382,0.8950889498897684,0.16701890977508985,-0.0143675392992877,0.41317554305313814,-0.4080762060940163,-0.018823131195447346,-0.8390438813832649
2024-05-17 14:05:54.402,0.8950889498897684,0.16701890977508985,-0.0143675392992877,0.41317554305313814,-0.43172933310740147,0.0018138539052650435,-0.8439207688292445
2024-05-17 14:05:54.421,0.8950889498897684,0.16701890977508985,-0.0143675392992877,0.41317554305313814,-0.4631504362728234,0.02789886077539034,-0.8557480161360798
2024-05-17 14:05:54.440,0.8950889498897684,0.16701890977508985,-0.0143675392992877,0.41317554305313814,-0.4934352946596142,0.0516007575262238,-0.8715060064307212
2024-05-17 14:05:54.459,0.8950889498897684,0.16701890977508985,-0.0143675392992877,0.41317554305313814,-0.5067899340406781,0.060631707684690665,-0.8796828460535951
2024-05-17 14:05:54.479,0.8950889498897684,0.16701890977508985,-0.0143675392992877,0.41317554305313814,-0.5058113507407392,0.05872307949049551,-0.8797906547305177
2024-05-17 14:05:54.498,0.8950889498897684,0.16701890977508985,-0.0143675392992877,0.41317554305313814,-0.5004025742117962,0.0528724849448191,-0.8769816381012004
2024-05-17 14:05:54.517,0.8950889498897684,0.16701890977508985,-0.0143675392992877,0.41317554305313814,-0.4869590356036446,0.041183852090756416,-0.8733302609554852
2024-05-17 14:05:54.536,0.8950889498897684,0.16701890977508985,-0.0143675392992877,0.41317554305313814,-0.4549110558192761,0.014782084291126044,-0.8690003210618381
2024-05-17 14:05:54.555,0.8950889498897684,0.16701890977508985,-0.0143675392992877,0.41317554305313814,-0.3990541794825289,-0.030816335449278198,-0.8598003720204359
2024-05-17 14:05:54.575,0.8950889498897684,0.16701890977508985,-0.0143675392992877,0.41317554305313814,-0.35192817194283754,-0.07203023205365408,-0.8492525791841513
2024-05-17 14:05:54.594,0.8950889498897684,0.16701890977508985,-0.0143675392992877,0.41317554305313814,-0.33763036239306843,-0.08812263176289123,-0.8405707640032964
2024-05-17 14:05:54.613,0.8950889498897684,0.16701890977508985,-0.0143675392992877,0.41317554305313814,-0.3571509669310048,-0.07784089431826946,-0.8385879086694367
2024-05-17 14:05:54.632,0.8950889498897684,0.16701890977508985,-0.0143675392992877,0.41317554305313814,-0.38478380391846834,-0.05319018253385935,-0.8451619107365632
2024-05-17 14:05:54.652,0.8950889498897684,0.16701890977508985,-0.0143675392992877,0.41317554305313814,-0.4088610996949867,-0.030513648211759593,-0.8494635311242221
2024-05-17 14:05:54.671,0.8950889498897684,0.16701890977508985,-0.0143675392992877,0.41317554305313814,-0.4356247251343891,-0.009756326676742975,-0.8555058337687514
2024-05-17 14:05:54.690,0.8950889498897684,0.16701890977508985,-0.0143675392992877,0.41317554305313814,-0.4727220633067111,0.019296332923909323,-0.8648115685685607
2024-05-17 14:05:54.709,0.8950889498897684,0.16701890977508985,-0.0143675392992877,0.41317554305313814,-0.5036441840565911,0.04425366964359087,-0.8746489702313693
2024-05-17 14:05:54.729,0.8950889498897684,0.16701890977508985,-0.0143675392992877,0.41317554305313814,-0.5165519660362325,0.055262544784639586,-0.8802563293701143
2024-05-17 14:05:54.748,0.8950889498897684,0.16701890977508985,-0.0143675392992877,0.41317554305313814,-0.5156319617162363,0.054575793614514756,-0.881221379112515
2024-05-17 14:05:54.767,0.8950889498897684,0.16701890977508985,-0.0143675392992877,0.41317554305313814,-0.4978712171076649,0.04212382106499011,-0.8799694621054456
2024-05-17 14:05:54.786,0.8950889498897684,0.16701890977508985,-0.0143675392992877,0.41317554305313814,-0.46016951219067675,0.01583584372737911,-0.8764499769862714
2024-05-17 14:05:54.806,0.8950889498897684,0.16701890977508985,-0.0143675392992877,0.41317554305313814,-0.40003748144794987,-0.02947165466421554,-0.8727363599048951
2024-05-17 14:05:54.825,0.8950889498897684,0.16701890977508985,-0.0143675392992877,0.41317554305313814,-0.324553019853686,-0.09341747782838307,-0.867027585889142
2024-05-17 14:05:54.844,0.8950889498897684,0.16701890977508985,-0.0143675392992877,0.41317554305313814,-0.283317780336871,-0.13453067841282648,-0.8603757117220283
2024-05-17 14:05:54.863,0.8950889498897684,0.16701890977508985,-0.0143675392992877,0.41317554305313814,-0.28738956514506664,-0.14130264775398665,-0.8535750217430689
2024-05-17 14:05:54.883,0.8950889498897684,0.16701890977508985,-0.0143675392992877,0.41317554305313814,-0.32189382468437466,-0.11771089914845617,-0.853115103554043
2024-05-17 14:05:54.902,0.8950889498897684,0.16701890977508985,-0.0143675392992877,0.41317554305313814,-0.35871707798888636,-0.08558437101062769,-0.8569973777790362
2024-05-17 14:05:54.921,0.8950889498897684,0.16701890977508985,-0.0143675392992877,0.41317554305313814,-0.38247845524008384,-0.0633786664006893,-0.8567773005423281
2024-05-17 14:05:54.940,0.8950889498897684,0.16701890977508985,-0.0143675392992877,0.41317554305313814,-0.4042487503050424,-0.036287758008125885,-0.859556920755455
2024-05-17 14:05:54.959,0.8950889498897684,0.16701890977508985,-0.0143675392992877,0.41317554305313814,-0.44184728959888203,-0.0021647775247960674,-0.8663810249793891
2024-05-17 14:05:54.979,0.8950889498897684,0.16701890977508985,-0.0143675392992877,0.41317554305313814,-0.4710183003049566,0.02430541171692774,-0.8738800942044174
2024-05-17 14:05:54.998,0.8950889498897684,0.16701890977508985,-0.0143675392992877,0.41317554305313814,-0.47783142883188773,0.03331932026630196,-0.8776784040946389
2024-05-17 14:05:55.017,0.8950889498897684,0.16701890977508985,-0.0143675392992877,0.41317554305313814,-0.46268435876865804,0.02489613576550068,-0.8803316566671242
2024-05-17 14:05:55.036,0.8950889498897684,0.16701890977508985,-0.0143675392992877,0.41317554305313814,-0.43024018387885204,0.002207136499043836,-0.8811240119851127
2024-05-17 14:05:55.056,0.8950889498897684,0.16701890977508985,-0.0143675392992877,0.41317554305313814,-0.38079378500316324,-0.038444541158274566,-0.8787989295431345
2024-05-17 14:05:55.075,0.8950889498897684,0.16701890977508985,-0.0143675392992877,0.41317554305313814,-0.32571832644858156,-0.08525681899720859,-0.8757973274427779
2024-05-17 14:05:55.094,0.8950889498897684,0.16701890977508985,-0.0143675392992877,0.41317554305313814,-0.28983315226120093,-0.11997126070788497,-0.8744511782904473
2024-05-17 14:05:55.113,0.8950889498897684,0.16701890977508985,-0.0143675392992877,0.41317554305313814,-0.2808741308374916,-0.13414780596303447,-0.8709984604645321
2024-05-17 14:05:55.133,0.8950889498897684,0.16701890977508985,-0.0143675392992877,0.41317554305313814,-0.29662984866955683,-0.12565594973607602,-0.8680417939685421
2024-05-17 14:05:55.152,0.8950889498897684,0.16701890977508985,-0.0143675392992877,0.41317554305313814,-0.32182752102097123,-0.1059695306968668,-0.8659872538818546
2024-05-17 14:05:55.171,0.8950889498897684,0.16701890977508985,-0.0143675392992877,0.41317554305313814,-0.34737698928897964,-0.08395603187854064,-0.8634381599795014
2024-05-17 14:05:55.190,0.8950889498897684,0.16701890977508985,-0.0143675392992877,0.41317554305313814,-0.3763351233165595,-0.0567812689138669,-0.8639421169368442
2024-05-17 14:05:55.210,0.8950889498897684,0.16701890977508985,-0.0143675392992877,0.41317554305313814,-0.41427452942768306,-0.02495926455720657,-0.8669820960940009
2024-05-17 14:05:55.229,0.8950889498897684,0.16701890977508985,-0.0143675392992877,0.41317554305313814,-0.44591180901645283,0.002411032016509252,-0.8714829277915603
2024-05-17 14:05:55.248,0.8950889498897684,0.16701890977508985,-0.0143675392992877,0.41317554305313814,-0.46581650439557326,0.020661637198083053,-0.8766758898985175
2024-05-17 14:05:55.267,0.8950889498897684,0.16701890977508985,-0.0143675392992877,0.41317554305313814,-0.4666800433641496,0.02397693602822343,-0.8805694391126911
2024-05-17 14:05:55.287,0.8950889498897684,0.16701890977508985,-0.0143675392992877,0.41317554305313814,-0.44785491989872317,0.011624599547130032,-0.8838437405725509
2024-05-17 14:05:55.306,0.8950889498897684,0.16701890977508985,-0.0143675392992877,0.41317554305313814,-0.4100135226165402,-0.018523838463770762,-0.8837001087285279
2024-05-17 14:05:55.325,0.8950889498897684,0.16701890977508985,-0.0143675392992877,0.41317554305313814,-0.3499134332388548,-0.06604453605900006,-0.8810848190065415
2024-05-17 14:05:55.344,0.8950889498897684,0.16701890977508985,-0.0143675392992877,0.41317554305313814,-0.29738004266244633,-0.10895831003183923,-0.8795304854434316
2024-05-17 14:05:55.364,0.8950889498897684,0.16701890977508985,-0.0143675392992877,0.41317554305313814,-0.2738831303468728,-0.1329701438693938,-0.8752804372299232
2024-05-17 14:05:55.383,0.8950889498897684,0.16701890977508985,-0.0143675392992877,0.41317554305313814,-0.28478562653745615,-0.1316220842318054,-0.86776021700003
2024-05-17 14:05:55.402,0.8950889498897684,0.16701890977508985,-0.0143675392992877,0.41317554305313814,-0.32007614229627085,-0.10755746040449583,-0.8620586547000731
2024-05-17 14:05:55.421,0.8950889498897684,0.16701890977508985,-0.0143675392992877,0.41317554305313814,-0.36110010388857866,-0.07435102799610951,-0.8586500322323098
2024-05-17 14:05:55.440,0.8950889498897684,0.16701890977508985,-0.0143675392992877,0.41317554305313814,-0.3996247051511119,-0.039754065565733326,-0.8595900458281897
2024-05-17 14:05:55.460,0.8950889498897684,0.16701890977508985,-0.0143675392992877,0.41317554305313814,-0.4377914872394406,-0.00891332892682197,-0.8633022055033941
2024-05-17 14:05:55.479,0.8950889498897684,0.16701890977508985,-0.0143675392992877,0.41317554305313814,-0.46046300458125383,0.009344655957463604,-0.866991113932302
2024-05-17 14:05:55.498,0.8950889498897684,0.16701890977508985,-0.0143675392992877,0.41317554305313814,-0.4647701595238185,0.013095968779381496,-0.8704180422850651
2024-05-17 14:05:55.517,0.8950889498897684,0.16701890977508985,-0.0143675392992877,0.41317554305313814,-0.44539751904258257,-0.0007113866993820619,-0.8736464026847536
2024-05-17 14:05:55.537,0.8950889498897684,0.16701890977508985,-0.0143675392992877,0.41317554305313814,-0.41154199017458715,-0.026664467975971294,-0.8739638806588619
2024-05-17 14:05:55.556,0.8950889498897684,0.16701890977508985,-0.0143675392992877,0.41317554305313814,-0.35803233838382253,-0.0711468405506487,-0.8703468950510337
2024-05-17 14:05:55.575,0.8950889498897684,0.16701890977508985,-0.0143675392992877,0.41317554305313814,-0.32098227900846416,-0.10447135058632731,-0.8650725167406573
2024-05-17 14:05:55.594,0.8950889498897684,0.16701890977508985,-0.0143675392992877,0.41317554305313814,-0.3136489512274484,-0.11600482307934368,-0.8580025456424233
2024-05-17 14:05:55.614,0.8950889498897684,0.16701890977508985,-0.0143675392992877,0.41317554305313814,-0.3313542482543732,-0.10648997452613286,-0.8542889594511172
2024-05-17 14:05:55.633,0.8950889498897684,0.16701890977508985,-0.0143675392992877,0.41317554305313814,-0.3505109582434162,-0.09067376263475094,-0.8552828380042471
2024-05-17 14:05:55.652,0.8950889498897684,0.16701890977508985,-0.0143675392992877,0.41317554305313814,-0.35695004668589825,-0.08296174178001678,-0.8555448691494574
2024-05-17 14:05:55.671,0.8950889498897684,0.16701890977508985,-0.0143675392992877,0.41317554305313814,-0.3538294696676261,-0.08426683573923173,-0.853903665351719
2024-05-17 14:05:55.691,0.8950889498897684,0.16701890977508985,-0.0143675392992877,0.41317554305313814,-0.3497216563055398,-0.08703563743224844,-0.8532118214327165
2024-05-17 14:05:55.710,0.8950889498897684,0.16701890977508985,-0.0143675392992877,0.41317554305313814,-0.3478532870074236,-0.08770005332527356,-0.853514700770163
2024-05-17 14:05:55.729,0.8950889498897684,0.16701890977508985,-0.0143675392992877,0.41317554305313814,-0.3459899716166718,-0.08833161583296538,-0.853460069602358
2024-05-17 14:05:55.748,0.8950889498897684,0.16701890977508985,-0.0143675392992877,0.41317554305313814,-0.3441312548845689,-0.08956706931413956,-0.8530872455160854
2024-05-17 14:05:55.768,0.8950889498897684,0.16701890977508985,-0.0143675392992877,0.41317554305313814,-0.3424487341802172,-0.0912080093405527,-0.8528524587967975
2024-05-17 14:05:55.787,0.8950889498897684,0.16701890977508985,-0.0143675392992877,0.41317554305313814,-0.33967649218652524,-0.09393426593821316,-0.8525847602189578
2024-05-17 14:05:55.806,0.8950889498897684,0.16701890977508985,-0.0143675392992877,0.41317554305313814,-0.3359653160067428,-0.09727278082824029,-0.8519703681252874
2024-05-17 14:05:55.825,0.8950889498897684,0.16701890977508985,-0.0143675392992877,0.41317554305313814,-0.3331939640983296,-0.09953091277250506,-0.8512753692181209
2024-05-17 14:05:55.845,0.8950889498897684,0.16701890977508985,-0.0143675392992877,0.41317554305313814,-0.3322842163310034,-0.10017164558303952,-0.850802069630868
2024-05-17 14:05:55.864,0.8950889498897684,0.16701890977508985,-0.0143675392992877,0.41317554305313814,-0.33170149082267963,-0.10067849748394261,-0.8504193305377197
2024-05-17 14:05:55.883,0.8950889498897684,0.16701890977508985,-0.0143675392992877,0.41317554305313814,-0.33041727436072627,-0.10204060407671205,-0.8500480228313477
2024-05-17 14:05:55.902,0.8950889498897684,0.16701890977508985,-0.0143675392992877,0.41317554305313814,-0.328229180710671,-0.10413379002680666,-0.849766962842718
2024-05-17 14:05:55.921,0.8950889498897684,0.16701890977508985,-0.0143675392992877,0.41317554305313814,-0.3256788629923525,-0.10614113969099237,-0.8493626824739927
2024-05-17 14:05:55.941,0.8950889498897684,0.16701890977508985,-0.0143675392992877,0.41317554305313814,-0.3234151457295926,-0.10794715787988401,-0.8488595204962612
2024-05-17 14:05:55.960,0.8950889498897684,0.16701890977508985,-0.0143675392992877,0.41317554305313814,-0.3216369076643098,-0.10968274003378607,-0.8481593002610112
2024-05-17 14:05:55.979,0.8950889498897684,0.16701890977508985,-0.0143675392992877,0.41317554305313814,-0.3198544904872106,-0.11133681602740281,-0.8474247130037689
2024-05-17 14:05:55.998,0.8950889498897684,0.16701890977508985,-0.0143675392992877,0.41317554305313814,-0.31818690769648045,-0.11253317047589559,-0.8468471162437324
